{
  "title": "Atacado e Revenda - CWR Jeans - Loja de Fábrica ",
  "body": "👖🛍️ Seja um Revendedor CWR Jeans! 👖🛍️\n\n<!--StartFragment-->\n\nProcurando peças jeans de alta qualidade para revender? A CWR Jeans tem tudo o que você precisa para impulsionar seus negócios! Com mais de 30 anos de experiência no mercado, nossas peças são confeccionadas para oferecer estilo e conforto incomparáveis, perfeitas para o dia a dia dos seus clientes.\n\nPor que escolher a CWR Jeans como sua parceira de negócios? \n\n✅ **Qualidade Superior:** Nossas peças são produzidas com os melhores materiais e acabamentos, garantindo durabilidade e satisfação. \n\n✅ **Estilo Versátil:** Temos uma ampla variedade de estilos e cortes para atender a todos os gostos e tendências. \n\n✅ **Conforto Inigualável:** Priorizamos o conforto em cada detalhe de nossos produtos, para que seus clientes se sintam confiantes e confortáveis o dia todo. \n\n✅ **Melhor Preço:** Oferecemos preços competitivos para que você possa maximizar seus lucros sem comprometer a qualidade.\n\n ✅ **Entrega Rápida e Segura:** Garantimos uma entrega rápida e segura, para que você tenha suas mercadorias sempre à disposição.\n\nFaça seu pedido agora com um mínimo de apenas 6 peças e aproveite todos os benefícios de ser um revendedor CWR Jeans! Entre em contato conosco hoje mesmo para começar a lucrar com as melhores peças em jeans do mercado.\n\n<!--EndFragment-->",
  "meta_title": "Atacado e Revenda - CWR Jeans - Loja de Fábrica ",
  "meta_description": "Atacado e Revenda - CWR Jeans - Loja de Fábrica ",
  "sections": [
    {
      "type": "breadcrumbs",
      "enabled": true
    },
    {
      "type": "banner-slider",
      "autoplay": 9000,
      "full_width": true,
      "slides": [
        {
          "start": "2024-07-19T19:18:25.097Z",
          "end": "",
          "img": "/img/uploads/__atacado1.webp",
          "link": "https://wa.me/5514997074507",
          "alt": "BAIXE O CATALOGO AQUI",
          "mobile_img": "/img/uploads/__atacado-mobile.webp"
        }
      ]
    },
    {
      "type": "page-title",
      "title": "Atacado e Revenda CWR Jeans",
      "description": "Revenda CWR Jeans e lucre com jeans de alta qualidade e estilo! +30 anos de experiência, fábrica própria, entrega rápida e pedido mínimo de apenas 6 peças. Baixe nosso catálogo e impulsione seu negócio!"
    },
    {
      "type": "extra-page",
      "enabled": true
    },
    {
      "type": "responsive-banner",
      "img": "/img/uploads/__atacado2.webp",
      "link": "https://wa.me/5514997074507",
      "alt": "BAIXE CATALOGO ATACADO AQUI",
      "mobile_img": "/img/uploads/__atacado-mobile1.webp"
    },
    {
      "type": "responsive-banner",
      "img": "/img/uploads/__atacado3.webp",
      "mobile_img": "/img/uploads/__atacado-mobile2.webp",
      "link": "https://wa.me/5514997074507",
      "alt": "FALE CONOSCO"
    },
    {
      "type": "info-bar",
      "enabled": true
    }
  ]
}