{
  "title": "Contato",
  "meta_title": "Contato",
  "meta_description": "Contato",
  "body": "![CWR Jeans - MODA JEANS FEMININO E MASCULINO COM ESTILO E CONFORTO](/img/uploads/2dd5bdc2-2f5f-437e-8774-0faeb32f7f45.jpg \"CWR Jeans - MODA JEANS FEMININO E MASCULINO COM ESTILO E CONFORTO\")\n\n\n\n<p><font color=\"#fff\">\nEstilo e conforto em um só lugar. </p><br>\n<p><font color=\"#fff\">\nLoja e fábrica em Avaré-SP</p>\n<p><font color=\"#fff\">\nEmpresa no ramo de confecção em jeans a mais de 30 anos no mercado, costurando para grandes marcas e agora com marca própria.</p><br>\n\n<p><font color=\"#fff\">\nCompre também por whatsapp<i class=\"i-whatsapp\"></i>\n\n<a href=\"https://web.whatsapp.com/send?phone=%2B5514997074507\" target=\"_blank\" rel=\"noopener\" class=\"whatsapp-link\" data-tel=\"14997074507\">(14) 99707-4507</a></p><br>\n\n<p><font color=\"#fff\">\n\nR. Luís Scarceli, 103- Jardim Paineiras, Avaré - SP, 18705-687\n\n</p><br>\n\n<iframe src=\"https://www.google.com/maps/embed?pb=!1m18!1m12!1m3!1d3669.794610312285!2d-48.948690725807296!3d-23.104613344968868!2m3!1f0!2f0!3f0!3m2!1i1024!2i768!4f13.1!3m3!1m2!1s0x94c126a4afe52f9d%3A0xf0e19762962be16e!2sCWR%20Ind%C3%BAstria%20e%20Com%C3%A9rcio%20de%20Confec%C3%A7%C3%B5es%20LTDA!5e0!3m2!1spt-BR!2sbr!4v1702575142912!5m2!1spt-BR!2sbr\" width=\"600\" height=\"450\" style=\"border:0;\" allowfullscreen=\"\" loading=\"lazy\" referrerpolicy=\"no-referrer-when-downgrade\"></iframe>\n<br>\n<p><font color=\"#fff\">\nA﻿companhe nas redes</p><br>\n\n<center><p class=\"footer__social\"><a href=\"https://www.facebook.com/cwrjeans\" target=\"_blank\" rel=\"noopener\" aria-label=\"facebook\" style=\"color: #3b5998\"><i class=\"i-facebook\"></i> </a><a href=\"https://www.instagram.com/cwrjeans/\" target=\"_blank\" rel=\"noopener\" aria-label=\"instagram\" style=\"color: #e1306c\"><i class=\"i-instagram\"></i> </a><a href=\"https://www.tiktok.com/@cwrjeans\" target=\"_blank\" rel=\"noopener\" aria-label=\"tiktok\" style=\"color: #000000\"><i class=\"i-tiktok\"></i></a></p></center>",
  "sections": [
    {
      "type": "breadcrumbs",
      "enabled": true
    },
    {
      "type": "extra-page",
      "enabled": true
    },
    {
      "type": "dynamic-showcase",
      "load_more": false,
      "sort": "views"
    },
    {
      "type": "info-bar",
      "enabled": true
    }
  ]
}