{
  "title": "Condições de entrega",
  "meta_title": "Condições de entrega",
  "meta_description": "Condições de entrega",
  "body": "Envio para Todo Brasil .\n\nEnvio em até 2 dias úteis após comprovação de pagamento.\n\nFicou com algum dúvida fale conosco pelo whatsapp\n\nNossos contatos:\n\nPor email-cwr.avare@uol.com.br\n\nPor whatsapp - [14 98131-0201](https://web.whatsapp.com/send?phone=%2B5514981310201)\n\n<!--EndFragment-->\n\n![](/img/uploads/cwrjeans.png)",
  "sections": [
    {
      "type": "breadcrumbs",
      "enabled": true
    },
    {
      "type": "extra-page",
      "enabled": true
    },
    {
      "type": "dynamic-showcase",
      "load_more": false,
      "sort": "views"
    },
    {
      "type": "info-bar",
      "enabled": true
    }
  ]
}