{
  "title": "Formas de pagamento",
  "meta_title": "Formas de pagamento",
  "meta_description": "Formas de pagamento",
  "body": "Parcele suas compras em até 3x sem juros no cartão , para pedidos **acima de R$200**.\n\nAceitamos Boleto | Pix .\n\nEscolha a melhor forma de pagamento no final de sua compra.",
  "sections": [
    {
      "type": "breadcrumbs",
      "enabled": true
    },
    {
      "type": "extra-page",
      "enabled": true
    },
    {
      "type": "dynamic-showcase",
      "load_more": false,
      "sort": "sales"
    },
    {
      "type": "info-bar",
      "enabled": true
    }
  ]
}