{
  "sections": [
    {
      "type": "breadcrumbs",
      "enabled": true
    },
    {
      "type": "page-title"
    },
    {
      "type": "document-banner",
      "enabled": true
    },
    {
      "type": "category-retail",
      "enabled": true,
      "sort": "views"
    },
    {
      "type": "document-description",
      "enabled": true
    },
    {
      "type": "shelfs-nav",
      "shuffle": false,
      "limit": 8,
      "page": 1,
      "collection_ids": [
        "65660c202cd6b65959c14ad9:categories:Calças Femininas:/calcas-femininas"
      ],
      "sort": "sales",
      "shelfs_title": "Veja também"
    },
    {
      "type": "info-bar",
      "enabled": true
    },
    {
      "type": "responsive-banner",
      "img": "/img/uploads/__atacado2.webp",
      "link": "https://cwrjeans.rds.land/atacado-e-revenda",
      "alt": "Baixe Catálogo Atacado CWR Jeans",
      "mobile_img": "/img/uploads/__atacado-mobile.webp"
    }
  ]
}