{
  "description": {
    "title": "",
    "text": ""
  },
  "links_1": {
    "list_pages": false,
    "title": "Informações",
    "list": [
      {
        "text": "Loja de Fábrica ",
        "url": "https://cwrjeans.com.br/pages/contato"
      },
      {
        "text": "Como Comprar",
        "url": "https://cwrjeans.com.br/pages/faq"
      },
      {
        "text": "Atacado",
        "url": "https://cwrjeans.com.br/pages/atacado-e-revenda-cwr-jeans-loja-de-fabrica"
      },
      {
        "text": "Formas de Envio",
        "url": "https://cwrjeans.com.br/pages/entrega"
      },
      {
        "text": "Formas de Pagamento",
        "url": "https://cwrjeans.com.br/pages/pagamentos"
      },
      {
        "text": "Segurança & Privacidade",
        "url": "https://cwrjeans.com.br/pages/privacidade"
      },
      {
        "text": "Trocas e Devolução",
        "url": "https://cwrjeans.com.br/pages/trocas"
      }
    ]
  },
  "links_2": {
    "list_categories": false,
    "title": "Categorias",
    "list": []
  },
  "contacts": {
    "title": "Contatos",
    "phone_wpp": true,
    "socials": true,
    "email": true,
    "address": true
  },
  "stamps": [
    {
      "src": "/img/uploads/seguranca.png",
      "alt": "Loja Segura",
      "width": 150,
      "height": 62
    }
  ],
  "payment_methods": {
    "pix": true,
    "visa": true,
    "mastercard": true,
    "elo": false,
    "amex": false,
    "hipercard": false,
    "boleto": false
  },
  "credits": ""
}