{
  "categories_list": {
    "featured": [
      "/calcas-femininas?Calças Femininas",
      "/camisas-femininas?Camisas",
      "/shorts?Shorts e Bermudas",
      "/saias?Saias",
      "/jaquetas-femininas?Jaquetas",
      "/moda-masculina?Moda Masculina"
    ],
    "random": 6,
    "full_width": true
  },
  "centralized_logo": false,
  "marketing_stripe": {
    "text": " 5% DE DESCONTO NO PIX  | PARCELE EM ATÉ 3X SEM JUROS NO CARTÃO",
    "link": "https://cwrjeans.com.br/pages/pagamentos",
    "background": "#445585",
    "color": "#ffffff"
  },
  "alphabetical_order_submenu": true,
  "popup": "",
  "search_input": true,
  "desktop_megamenu": false,
  "full_width_submenu": true,
  "contacts_stripe": {
    "pages": [
      {
        "title": "Entre na sua conta",
        "link": "/app/#/account/"
      },
      {
        "title": "Ver Pedidos",
        "link": "/app/#/account/orders"
      },
      {
        "title": "Como Comprar",
        "link": "/pages/faq"
      },
      {
        "title": "Loja de Fábrica ",
        "link": "/pages/contato"
      }
    ],
    "phone_wpp": true,
    "socials": true
  }
}