{
  "meta_title": "CWR JEANS - Loja de Fábrica em Avaré - Moda Jeans Feminino e Nasculino - Estilo e Conforto",
  "meta_description": "CWR Jeans - O jeans perfeito você encontra aqui, envio para Todo Brasil. Estilo e conforto em um só lugar. Loja e fábrica em Avaré-SP",
  "sections": [
    {
      "type": "banner-slider",
      "autoplay": 9000,
      "full_width": true,
      "slides": [
        {
          "img": "/img/uploads/__masculina.webp",
          "link": "https://cwrjeans.com.br/moda-masculina",
          "alt": "Moda Masculina Jeans - CWR Jeans ",
          "start": "2024-07-19T20:06:13.739Z",
          "end": "",
          "mobile_img": "/img/uploads/__masculina-mobile.webp"
        },
        {
          "start": "2024-07-19T20:07:09.737Z",
          "end": "",
          "img": "/img/uploads/__jaquetas.webp",
          "mobile_img": "/img/uploads/__jaquetas-mobile.webp",
          "link": "https://cwrjeans.com.br/jaquetas-femininas",
          "alt": "Jaquetas CWR Jeans - veja aqui"
        },
        {
          "start": "2024-07-19T20:07:44.977Z",
          "end": "",
          "img": "/img/uploads/__camisas.webp",
          "link": "https://cwrjeans.com.br/camisas-femininas",
          "alt": "Camisas CWR Jeans",
          "mobile_img": "/img/uploads/__camisas-mobile.webp"
        }
      ]
    },
    {
      "page": 1,
      "title": "SALE: Aproveite agora e renove seu guarda-roupa!",
      "shuffle": false,
      "headless": false,
      "type": "collection-shelf",
      "link": "https://cwrjeans.com.br/pages/sale",
      "limit": 12,
      "collection_id": null,
      "sort": "offers"
    },
    {
      "type": "responsive-banner",
      "img": "/img/uploads/__cigarrete-abril.webp",
      "link": "https://cwrjeans.com.br/calcas-femininas-cigarrete",
      "alt": "Calças Cigarrete - Modelagem Perfeita, vem escolher a sua!"
    },
    {
      "type": "collection-shelf",
      "shuffle": false,
      "limit": 12,
      "page": 1,
      "collection_id": "65660c482cd6b65959c14b4c:categories:Saias:/saias",
      "sort": "sales",
      "title": "Saias, veja todas",
      "link": "https://cwrjeans.com.br/jaquetas-femininas"
    },
    {
      "type": "responsive-banner",
      "img": "/img/uploads/__masculina-abril.webp",
      "link": "https://cwrjeans.com.br/moda-masculina",
      "alt": "Moda Masculina : Qualidade e Conforto para seu dia a dia"
    },
    {
      "type": "info-bar",
      "enabled": true
    },
    {
      "type": "custom-content",
      "markdown": "<h4 class=\"products-carousel__title\"><a href=\"https://cwrjeans.com.br/cwr-jeans\">DESTAQUES DA LOJA </a></h4>"
    },
    {
      "type": "dynamic-showcase",
      "load_more": false,
      "sort": "views"
    },
    {
      "type": "responsive-banner",
      "img": "/img/uploads/__wideleg-abril.webp",
      "link": "https://cwrjeans.com.br/calca-jeans-feminina-wide-leg",
      "alt": "Calças Jeans Direto da Fábrica - Wide Leg "
    },
    {
      "type": "banner-slider",
      "autoplay": 9000,
      "full_width": true,
      "slides": [
        {
          "start": "2024-07-19T20:09:58.120Z",
          "end": "",
          "img": "/img/uploads/__loja-fisica.webp",
          "alt": "Visite Loja Física em Avaré - CWR Jeans",
          "link": "https://cwrjeans.com.br/pages/contato"
        }
      ]
    }
  ]
}