{
  "shipping": {
    "show": true,
    "text": "Entregamos para todo o Brasil",
    "title": "Pronta Entrega - Envio Rápido e Seguro",
    "link": "https://cwrjeans.com.br/pages/entrega"
  },
  "installments": {
    "show": true,
    "text": "Parcele em até 3x sem juros",
    "title": "5% de desconto no PIX ou ",
    "link": "https://cwrjeans.com.br/pages/pagamentos"
  },
  "exchange": {
    "show": false,
    "text": "Não gostou? A primeira troca é gratuita"
  },
  "promo": {
    "show": false,
    "text": "Diferentes promoções ao longo do ano!"
  }
}